{"Yarra Valley": [920, 961.6, 977, 81.7250213492741], "Caroline Springs": [3062, 1411.6, 86.5110246433204], "Skye - Sandhurst": [830, 1478.6, 1062, 79.746835443038], "Pakenham - South": [1262, 1175.2, 1004, 78.3434650455927], "Montmorency - Briar Hill": [2277, 1304.4, 1074, 87.0726495726496], "Kensington": [2642, 1420.2, 81.7034700315457], "Sunshine": [891, 994.6, 908, 81.7977528089888], "Seddon - Kingsville": [1658, 1283.4, 1026, 85.7692307692308], "Hoppers Crossing - South": [1474, 1120.0, 983, 80.8171745152355], "Ardeer - Albion": [605, 797.6, 880, 72.3118279569892], "Hughesdale": [1258, 1196.0, 1029, 85.0704225352113], "Brunswick": [5558, 1264.4, 1036, 81.389252948886], "Rosebud - McCrae": [981, 736.2, 944, 73.7270875763748], "Sandringham - Black Rock": [3001, 1476.0, 1098, 88.6898096304591], "Thornbury": [3334, 1154.8, 1020, 82.3920265780731], "Mount Evelyn": [700, 1279.0, 1050, 86.8458274398868], "St Albans - North": [1132, 900.6, 845, 78.117048346056], "Parkville": [1332, 1283.4, 1053, 94.1230486685032], "Cranbourne": [821, 1021.8, 946, 76.2463343108504], "Flemington Racecourse": [34, null, 1074, 100.0], "Carnegie": [3500, 1164.4, 1056, 91.5644171779141], "Mount Dandenong - Olinda": [1483, 1361.2, 1082, 89.1938250428816], "Mill Park - North": [1652, 1335.8, 1030, 86.4046391752577], "Camberwell": [4695, 1610.0, 1112, 93.2486631016043], "Warrandyte - Wonga Park": [1486, 1656.2, 1108, 90.635838150289], "Noble Park North": [570, 1021.6, 943, 83.7719298245614], "Rowville - North": [904, 1516.0, 1087, 88.8405797101449], "Burwood East": [1715, 1077.4, 1034, 90.846286701209], "Donvale - Park Orchards": [2627, 1444.6, 1101, 92.4759405074366], "Keilor": [852, 1213.6, 1055, 87.9310344827586], "Heidelberg West": [1617, 869.0, 900, 77.1621621621622], "Werribee - South": [795, 1033.6, 992, 84.6264367816092], "Keysborough": [1740, null, 971, 87.4915023793338], "Frankston North": [863, 881.2, 907, 66.243654822335], "Glenroy - Hadfield": [2420, 930.8, 79.5555555555556], "Albert Park": [3872, 1557.2, 1090, 87.6126126126126], "Mordialloc - Parkdale": [2636, 1245.2, 1063, 88.5741265344665], "Greensborough": [2610, 1339.8, 1068, 89.82266769468], "Ferntree Gully": [2376, 1162.0, 83.5522858644246], "Cranbourne West": [399, 1093.6, 953, 74.7993579454254], "Prahran - Windsor": [4711, 1319.4, 1059, 83.6644591611479], "Research - North Warrandyte": [1075, 1614.6, 1118, 90.3448275862069], "Taylors Hill": [1693, 1444.6, 1055, 85.8585858585859], "Bulleen": [1739, 1161.4, 1049, 90.4522613065327], "Whittlesea": [446, 1287.0, 1034, 80.3245436105477], "Mornington": [2061, 995.4, 1013, 78.8254755996691], "Chelsea - Bonbeach": [1454, 1009.2, 1012, 79.5246800731261], "Mount Waverley - South": [3082, 1216.6, 1064, 90.4233870967742], "Mount Martha": [1842, 1277.2, 1083, 84.6636771300448], "Fitzroy North": [3230, 1432.0, 1052, 82.903981264637], "Sydenham": [1111, 1278.2, 1010, 83.2142857142857], "Cheltenham - Highett (East)": [2776, 1132.4, 1040, 84.9340866290019], "Berwick - South": [2275, 1526.6, 1071, 83.751425313569], "Hampton Park - Lynbrook": [1414, 1109.0, 946, 82.2515212981745], "Ashburton (Vic.)": [1458, 1498.2, 1059, 91.7670682730924], "Abbotsford": [1211, 1531.0, 1054, 80.5714285714286], "Kinglake": [261, 1162.6, 1028, 80.7086614173228], "Truganina": [1310, 1310.2, 1017, 79.6875], "Brunswick East": [2185, 1277.4, 1052, 84.6473029045643], "Carlton North - Princes Hill": [2519, 1515.2, 1077, 88.28125], "Rockbank - Mount Cottrell": [53, 955.0, 932, 53.8922155688623], "Reservoir - West": [2182, 977.2, 951, 84.0747330960854], "Springvale South": [873, null, 867, 86.8675995694295], "Blackburn South": [1644, 1168.0, 1050, 91.2420382165605], "Viewbank - Yallambie": [2588, 1260.4, 1065, 85.8162355040143], "Surrey Hills (East) - Mont Albert": [2263, 1542.0, 1106, 93.6764705882353], "Flemington": [1838, 993.4, 886, 81.4553990610329], "Ashwood - Chadstone": [2927, 1170.6, 1025, 88.6120996441281], "Kings Park (Vic.)": [759, 983.8, 854, 80.2547770700637], "Dandenong North": [1671, 1015.4, 940, 78.8948069241012], "Glen Iris - East": [3854, 1681.0, 1118, 90.6716417910448], "Ivanhoe East - Eaglemont": [1782, 1611.0, 1118, 90.6412478336222], "Nunawading": [1745, 1180.0, 1035, 86.4761904761905], "Richmond (Vic.)": [7051, 1434.6, 1018, 83.375], "Ringwood East": [2512, 1196.0, 1051, 87.3087308730873], "Williamstown": [2532, 1436.0, 1062, 87.006237006237], "Gisborne": [1208, 1444.6, 1082, 87.5143184421535], "Clayton South": [1424, 1084.4, 946, 84.2532467532468], "Noble Park": [2386, 896.2, 81.829814459373], "Mill Park - South": [1167, 1216.6, 1004, 82.4949698189135], "Plenty - Yarrambat": [1087, 1643.4, 1102, 89.7018970189702], "Yarraville": [2536, 1365.6, 1047, 85.7404021937843], "Healesville - Yarra Glen": [1015, 1028.2, 1009, 82.3317307692308], "Macedon": [469, 1434.6, 1094, 96.4646464646465], "Bacchus Marsh": [1153, 1154.4, 1005, 80.9853733641263], "St Kilda East": [4083, 1241.0, 1057, 86.1244019138756], "Hawthorn": [5732, 1375.2, 1089, 90.5524419535628], "Lalor": [1080, 1011.0, 879, 78.5714285714286], "Rowville - South": [1313, 1557.0, 1093, 89.5348837209302], "Sunshine West": [1180, null, 870, 83.0222222222222], "Wallan": [641, 1281.8, 1028, 82.4972129319955], "Doncaster East": [4543, 1245.2, 92.7401746724891], "Sunbury": [932, 1401.8, 1053, 82.4824824824825], "Caulfield - South": [3533, 1345.2, 1086, 89.3886966551326], "Southbank": [3611, 1490.0, 1092, 81.5686274509804], "Reservoir - East": [2500, 874.0, 928, 80.7331628303495], "Brighton (Vic.)": [4759, 1563.8, 1108, 90.4309715120526], "Caulfield - North": [4764, 1428.2, 1086, 89.3136403127715], "Altona North": [985, 888.0, 913, 78.4682080924856], "Kew": [5791, 1573.0, 1100, 92.8406466512702], "Bayswater": [1083, 1066.4, 1003, 83.4920634920635], "Burwood": [1863, 976.4, 1010, 88.6338797814208], "Craigieburn - Mickleham": [2371, 1273.6, 79.9845738526803], "Hoppers Crossing - North": [1490, 1249.8, 1008, 82.983682983683], "Knoxfield - Scoresby": [1480, 1250.4, 1048, 89.6162528216704], "Keilor Downs": [1128, 1277.2, 985, 84.6374045801527], "Cairnlea": [1030, null, 980, 85.5007473841554], "Monbulk - Silvan": [484, 1140.2, 1041, 87.2773536895674], "Blackburn": [3574, 1278.2, 1073, 89.4117647058824], "Malvern East": [4488, 1436.6, 1091, 92.65625], "Broadmeadows": [544, 742.8, 786, 69.8581560283688], "Forest Hill": [1556, 1057.0, 1024, 88.6904761904762], "Seabrook": [471, 1286.8, 1031, 85.4395604395604], "Mentone": [1784, 1170.2, 1058, 84.5375722543353], "Point Cook": [5094, 1639.0, 87.2876022655758], "Oakleigh - Huntingdale": [3212, 1193.0, 1027, 89.2929292929293], "Kew East": [1391, 1535.4, 1092, 93.3002481389578], "Point Nepean": [1386, 867.2, 1004, 79.8591549295775], "Beaumaris": [2426, 1557.0, 1115, 91.7121046892039], "Taylors Lakes": [1834, 1557.0, 1056, 89.2962743938498], "Port Melbourne Industrial": [0, null, 0.0], "Sunbury - South": [1705, 1241.0, 1027, 82.2869955156951], "Cranbourne North": [926, 1241.8, 1000, 78.0], "Croydon Hills - Warranwood": [2099, 1557.0, 1090, 88.0851063829787], "Chirnside Park": [755, 1277.2, 1054, 87.5], "Cheltenham - Highett (West)": [1599, 1264.4, 1060, 85.0267379679144], "Melton West": [744, 1213.6, 985, 76.9811320754717], "Campbellfield - Coolaroo": [591, 839.0, 795, 74.5049504950495], "Essendon Airport": [0, null, 0.0], "Dandenong": [1911, null, 846, 74.2227979274611], "Port Melbourne": [3523, 1478.6, 1063, 83.75], "Strathmore": [1345, 1453.4, 1086, 89.7364771151179], "Wheelers Hill": [3245, 1436.8, 1081, 93.4681181959565], "Epping": [2126, 1203.8, 82.3627287853577], "East Melbourne": [1624, 1531.0, 1117, 85.3658536585366], "Moonee Ponds": [2556, 1373.8, 1060, 90.1960784313726], "Pascoe Vale": [2651, 1135.6, 1020, 85.0869167429094], "Fawkner": [924, 861.8, 902, 80.3713527851459], "Rowville - Central": [1749, 1420.2, 1069, 88.6938202247191], "Koo Wee Rup": [246, 1041.0, 986, 86.8085106382979], "Watsonia": [1034, 1180.0, 1032, 83.9679358717435], "St Albans - South": [1143, null, 831, 81.6091954022989],